Cites,Authors,Title,Year,Source,Publisher,ArticleURL,CitesURL,GSRank,QueryDate,Type,DOI,ISSN,CitationURL,Volume,Issue,StartPage,EndPage,ECC,CitesPerYear,CitesPerAuthor,AuthorCount,Age,Abstract,FullTextURL,RelatedURL
2,"C Lopezosa, L Codina","ChatGPT y software CAQDAS para el anÃ¡lisis cualitativo de entrevistas: pasos para combinar la inteligencia artificial de OpenAI con ATLAS. ti, Nvivo y MAXQDA",2023,"","repositori.upf.edu","https://repositori.upf.edu/bitstream/handle/10230/55477/Codina_dig_chat.pdf?sequence=1&isAllowed=y","",8,"2023-03-15 07:08:14","BOOK","","","",,,,,2,2.00,1,2,1,"â€¦ Specifically, we show how to combine ChatGPT and â€¦ Thirdly, the ChatGPT artificial intelligence is addressed as a â€¦ step by step, how to combine ChatGPT with ATLAS.ti, NVIVO â€¦","",""
2,"E Kasneci, K SeÃŸler, S KÃ¼chemann, M Bannert, ...","ChatGPT for good? On opportunities and challenges of large language models for education",2023,"","edarxiv.org","https://edarxiv.org/5er8f/download?format=pdf","",63,"2023-03-15 07:08:14","BOOK","","","",,,,,2,2.00,0,5,1,"Large language models represent a significant advancement in the field of AI. The underlying technology is key to further innovations and, despite critical views and even bans within â€¦","",""
0,"P M Newton","ChatGPT performance on MCQ-based exams",2023,"","edarxiv.org","https://edarxiv.org/sytu3/download?format=pdf","",75,"2023-03-15 07:08:14","BOOK","","","",,,,,0,0.00,0,1,1,"â€¦ by media reports that ChatGPT can seemingly pass â€¦ ChatGPT on MCQ-based exams, and these are reviewed here. Although ChatGPT performs better than random guessing, ChatGPT â€¦","",""
0,"S Biswas","Prospective Role of Chat GPT in the Military: According to ChatGPT",2023,"","europepmc.org","https://europepmc.org/article/ppr/ppr621826","",82,"2023-03-15 07:08:14","BOOK","","","",,,,,0,0.00,0,1,1,"â€¦ ChatGPT, a large language model developed by OpenAI, â€¦ chatGPT itself and the actual possibilities currently are limited. This article explores mostly the future applications of chatGPT â€¦","",""
1,"F J GarcÃ­a-PeÃ±alvo","The perception of Artificial Intelligence in educational contexts after the launch of ChatGPT: Disruption or Panic?",2023,"","repositorio.grial.eu","https://repositorio.grial.eu/bitstream/grial/2838/1/01.pdf","",83,"2023-03-15 07:08:14","BOOK","","","",,,,,1,1.00,1,1,1,"â€¦ Indeed, it is ChatGPT. Although artificial intelligence had already been in the news and often masked under various other meanings, the ChatGPT phenomenon has once again brought â€¦","",""
0,"B Mahjour, J Hoffstadt, T Cernak","Designing Chemical Reaction Arrays using phactor and ChatGPT",2023,"","chemrxiv.org","https://chemrxiv.org/engage/api-gateway/chemrxiv/assets/orp/resource/item/63fd0c5d937392db3d25b507/original/designing-chemical-reaction-arrays-using-phactor-and-chat-gpt.pdf","",107,"2023-03-15 07:08:14","BOOK","","","",,,,,0,0.00,0,3,1,"â€¦ Herein we demonstrate how the general-purpose language model ChatGPT can be utilized to â€¦ We showcase several case studies of using ChatGPT to aid in designing reaction arrays. â€¦","",""
1,"Y Zhu, D Han, S Chen, F Zeng, C Wang","How Can ChatGPT Benefit Pharmacy: A Case Report on Review Writing",2023,"","preprints.org","https://www.preprints.org/manuscript/202302.0324/download/final_file","",113,"2023-03-15 07:08:14","BOOK","","","",,,,,1,1.00,0,5,1,"â€¦ ChatGPT and try to instruct it to generate a mini review on the topic of â€œlipid-based drug delivery systemsâ€ by conversation. Our results showed that ChatGPT â€¦ that ChatGPT can only give â€¦","",""
10,"D R E Cotton, P A Cotton, J R Shipway","Chatting and Cheating. Ensuring academic integrity in the era of ChatGPT",2023,"","edarxiv.org","https://edarxiv.org/mrz8h/download?format=pdf","",115,"2023-03-15 07:08:14","BOOK","","","",,,,,10,10.00,3,3,1,"â€¦ While ChatGPT has the potential to offer many benefits for assessment in higher education, there are a few key challenges that ChatGPT, and other artificial intelligence language â€¦","",""
1,"Q Zhong, X Tan, R Du, J Liu, L Liao, C Wang, R Sun, ...","Is ChatGPT a Reliable Source for Writing Review Articles in Catalysis Research? A Case Study on CO2 Hydrogenation to Higher Alcohols",2023,"","preprints.org","https://www.preprints.org/manuscript/202302.0292/download/final_file","",117,"2023-03-15 07:08:14","BOOK","","","",,,,,1,1.00,0,8,1,"â€¦ The application of ChatGPT in catalysis research is an area deserving of further inâ€¦ the reliability of ChatGPT in catalysis research by analyzing a review paper generated by ChatGPT on â€¦","",""
1,"B Marchandot, K Matsushita, A Carmona, ...","ChatGPT: The Next Frontier in Academic Writing for Cardiologists or a Pandora's Box of Ethical Dilemmas",2023,"â€¦ Heart Journal Open","academic.oup.com","https://academic.oup.com/ehjopen/advance-article-pdf/doi/10.1093/ehjopen/oead007/49170798/oead007.pdf","",86,"2023-03-15 07:08:14","CITATION","10.1093/ehjopen/oead007/7035425","","",,,,,1,1.00,0,4,1,"The authors declare that there is no conflict of interest regarding the publication of this article. Prof 19 Olivier Morel (OM) received institutional research grants from Fondation Coeur et â€¦","",""
9,"C Stokel-Walker, R Van Noorden","What ChatGPT and generative AI mean for science",2023,"Nature","ideas.repec.org","https://ideas.repec.org/a/nat/nature/v614y2023i7947d10.1038_d41586-023-00340-6.html","",100,"2023-03-15 07:08:14","CITATION","","","",,,,,9,9.00,5,2,1,"What ChatGPT and generative AI mean for science â€¦ What ChatGPT and generative AI mean for science â€¦ What ChatGPT and generative AI mean for science,"" Nature, Nature, vol â€¦","",""
11,"M Dowling, B Lucey","ChatGPT for (finance) research: The Bananarama conjecture",2023,"Finance Research Letters","Elsevier","https://www.sciencedirect.com/science/article/pii/S1544612323000363","",1,"2023-03-15 07:08:14","HTML","","","",,,,,11,11.00,6,2,1,"We show, based on ratings by finance journal reviewers of generated output, that the recently released AI chatbot ChatGPT can significantly assist with finance research. In principle, â€¦","",""
3,"C Zielinski, M Winker, R Aggarwal, ...","Chatbots, ChatGPT, and Scholarly Manuscripts-WAME Recommendations on ChatGPT and Chatbots in Relation to Scholarly Publications",2023,"â€¦ -Egyptian Journal of â€¦","aeji.journals.ekb.eg","https://aeji.journals.ekb.eg/article_282936.html","",15,"2023-03-15 07:08:14","HTML","","","",,,,,3,3.00,1,4,1,"â€¦ While ChatGPT may prove to be a useful tool for researchers, it represents a threat for scholarly journals because ChatGPT-â€¦ Peer review may not detect ChatGPT-generated content: â€¦","",""
0,"M Balas, E B Ing","Conversational AI Models for ophthalmic diagnosis: Comparison of ChatGPT and the Isabel Pro Differential Diagnosis Generator",2023,"JFO Open Ophthalmology","Elsevier","https://www.sciencedirect.com/science/article/pii/S2949889923000053","",19,"2023-03-15 07:08:14","HTML","","","",,,,,0,0.00,0,2,1,"â€¦ The purpose of this study is to evaluate the use of conversational AI language models, specifically ChatGPT, for the diagnosis of ophthalmic disease, and to compare it to existing tools, â€¦","",""
1,"D L Mann","Artificial Intelligence Discusses the Role of Artificial Intelligence in Translational Medicine: A JACC: Basic to Translational Science Interview With ChatGPT",2023,"Basic to Translational Science","jacc.org","https://www.jacc.org/doi/full/10.1016/j.jacbts.2023.01.001","",30,"2023-03-15 07:08:14","HTML","10.1016/j.jacbts.2023.01.001","","",,,,,1,1.00,1,1,1,"Like many people, I was completely taken in and simultaneously taken aback by the public release of ChatGPT (GPT stands for â€œgenerative pretrained transformerâ€), the natural â€¦","",""
0,"A Lecler, L Duron, P Soyer","Revolutionizing radiology with GPT-based models: Current applications, future possibilities and limitations of ChatGPT",2023,"Diagnostic and Interventional Imaging","Elsevier","https://www.sciencedirect.com/science/article/pii/S221156842300027X","",35,"2023-03-15 07:08:14","HTML","","","",,,,,0,0.00,0,3,1,"â€¦ ChatGPT to various questions that radiologists may have regarding ChatGPT and identifies the potential benefits ChatGPT â€¦ In conclusion, ChatGPT can be useful in radiology research â€¦","",""
0,"D Rozado","The Political Biases of ChatGPT",2023,"Social Sciences","mdpi.com","https://www.mdpi.com/article/10.3390/socsci12030148","",49,"2023-03-15 07:08:14","HTML","10.3390/socsci12030148","","",,,,,0,0.00,0,1,1,"â€¦ ChatGPT from OpenAI. The results are consistent across tests; 14 of the 15 instruments diagnose ChatGPT â€¦ When asked explicitly about its political preferences, ChatGPT often claims to â€¦","",""
0,"V Taecharungroj","â€œWhat Can ChatGPT Do?â€ Analyzing Early Reactions to the Innovative AI Chatbot on Twitter",2023,"Big Data and Cognitive Computing","mdpi.com","https://www.mdpi.com/article/10.3390/bdcc7010035","",55,"2023-03-15 07:08:14","HTML","10.3390/bdcc7010035","","",,,,,0,0.00,0,1,1,"â€¦ is to identify ChatGPTâ€™s functional domains (what can it do?) by analyzing the conversations surrounding ChatGPT on Twitter during the first month after its launch. ChatGPT is the latest â€¦","",""
0,"J Dahmen, M Kayaalp, M Ollivier, A Pareek, ...","Artificial intelligence bot ChatGPT in medical research: the potential game changer as a double-edged sword",2023,"Knee Surgery, Sports â€¦","Springer","https://link.springer.com/article/10.1007/s00167-023-07355-6","",59,"2023-03-15 07:08:14","HTML","10.1007/s00167-023-07355-6","","",,,,,0,0.00,0,5,1,"â€¦ It is a fact that ChatGPT could be used to generate manuscripts that are as such potentially â€¦ article with ChatGPT generating a text that is highly similar to it. Additionally, ChatGPT could â€¦","",""
0,"N Helberger, N Diakopoulos","ChatGPT and the AI Act",2023,"Internet Policy Review","policyreview.info","https://policyreview.info/essay/chatgpt-and-ai-act","",62,"2023-03-15 07:08:14","HTML","","","",,,,,0,0.00,0,2,1,"â€¦ that generative AI like ChatGPT challenges the current risk-â€¦ AI (which includes systems such as ChatGPT and Dall-E) and â€¦ We argue that generative AI systems such as ChatGPT differ â€¦","",""
39,"T H Kung, M Cheatham, A Medenilla, C Sillos, ...","Performance of ChatGPT on USMLE: Potential for AI-assisted medical education using large language models",2023,"PLOS Digital â€¦","journals.plos.org","https://journals.plos.org/digitalhealth/article?id=10.1371/journal.pdig.0000198&fbclid=IwAR3U9R0A5QwAVMACFfgA79EFYWu32uFE8upittW5ZEb9qaNSZyWXpxdnJU4","",72,"2023-03-15 07:08:14","HTML","","","",,,,,39,39.00,8,5,1,"â€¦ To accomplish this, we evaluated the performance of ChatGPT, a â€¦ We found that ChatGPT performed at or near the passing â€¦ Impressively, ChatGPT was able to achieve this result â€¦","",""
10,"B D Lund, T Wang","Chatting about ChatGPT: how may AI and GPT impact academia and libraries?",2023,"Library Hi Tech News","emerald.com","https://www.emerald.com/insight/content/doi/10.1108/LHTN-01-2023-0009/full/html","",79,"2023-03-15 07:08:14","HTML","10.1108/LHTN-01-2023-0009","","",,,,,10,10.00,5,2,1,"â€¦ with ChatGPT on its potential impact on academia and libraries. The interview discusses the benefits of ChatGPT â€¦ This section will explore how ChatGPT can be used to improve various â€¦","",""
0,"M Cascella, J Montomoli, V Bellini, ...","Evaluating the Feasibility of ChatGPT in Healthcare: An Analysis of Multiple Clinical and Research Scenarios",2023,"Journal of Medical Systems","Springer","https://link.springer.com/article/10.1007/s10916-023-01925-4","",84,"2023-03-15 07:08:14","HTML","10.1007/s10916-023-01925-4","","",,,,,0,0.00,0,4,1,"â€¦ asked ChatGPT to suggest possible situations of misuse. In Table 2, we reported some of the suggestions provided by ChatGPT. â€¦ use of ChatGPT are not exclusively of ChatGPT, what is â€¦","",""
4,"A Gilson, C W Safranek, T Huang, V Socrates, ...","How does CHATGPT perform on the United States Medical Licensing Examination? the implications of large language models for medical education and â€¦",2023,"JMIR Medical â€¦","mededu.jmir.org","https://mededu.jmir.org/2023/1/e45312/","",85,"2023-03-15 07:08:14","HTML","","","",,,,,4,4.00,1,5,1,"â€¦ evaluate the performance of ChatGPT on questions within the â€¦ -choice questions to evaluate ChatGPTâ€™s performance, each with â€¦ ChatGPTâ€™s performance was compared to 2 other large â€¦","",""
0,"A Tlili, B Shehata, M A Adarkwah, A Bozkurt, ...","What if the devil is my guardian angel: ChatGPT as a case study of using chatbots in education",2023,"Smart Learning â€¦","Springer","https://link.springer.com/article/10.1186/s40561-023-00237-x","",110,"2023-03-15 07:08:14","HTML","10.1186/s40561-023-00237-x","","",,,,,0,0.00,0,5,1,"â€¦ , ChatGPT has drawn much public attention across the globe. In this regard, this study examines ChatGPT â€¦ who are approaching cautiously using ChatGPT in educational settings. The â€¦","",""
0,"K Bhattacharya, A S Bhattacharya, ...","ChatGPT in Surgical Practiceâ€”a New Kid on the Block",2023,"Indian Journal of â€¦","Springer","https://link.springer.com/article/10.1007/s12262-023-03727-x","",112,"2023-03-15 07:08:14","HTML","10.1007/s12262-023-03727-x","","",,,,,0,0.00,0,3,1,"ChatGPT is a large language model that was trained by OpenAI. It is capable of generating human-like text and can be used for a variety of tasks such as text completion, text generationâ€¦","",""
0,"A Michail, S Konstantinou, S Clematide","UZH_CLyp at SemEval-2023 Task 9: Head-First Fine-Tuning and ChatGPT Data Generation for Cross-Lingual Learning in Tweet Intimacy Prediction",2023,"arXiv preprint arXiv:2303.01194","arxiv.org","https://arxiv.org/pdf/2303.01194","",2,"2023-03-15 07:08:14","JOUR","","","",,,,,0,0.00,0,3,1,"This paper describes the submission of UZH_CLyp for the SemEval 2023 Task 9 ""Multilingual Tweet Intimacy Analysis"". We achieved second-best results in all 10 languages according â€¦","",""
0,"M H Temsah, A Jamal, J A Al-Tawfiq","Reflection with ChatGPT about the excess death after the COVID-19 pandemic",2023,"New Microbes and New â€¦","ncbi.nlm.nih.gov","https://www.ncbi.nlm.nih.gov/pmc/articles/PMC9937725/","",3,"2023-03-15 07:08:14","JOUR","","","",,,,,0,0.00,0,3,1,"Dear Editor, Despite the apparent decrease in COVID-19 mortality in 2022, still, there has been a universal increase in the excess deaths across nations [1] with conflicting estimates [2]. â€¦","",""
0,"S Guo, Y Wang, S Li, N Saeed","Semantic Communications with Ordered Importance using ChatGPT",2023,"arXiv preprint arXiv:2302.07142","arxiv.org","https://arxiv.org/pdf/2302.07142","",4,"2023-03-15 07:08:14","JOUR","","","",,,,,0,0.00,0,4,1,"â€¦ ) using ChatGPT can be compatible with the current communication systems. Our experimental results show that ChatGPT â€¦ words and the semantic meaning loss measured by ChatGPT. â€¦","",""
0,"H Dai, Z Liu, W Liao, X Huang, Z Wu, L Zhao, ...","ChatAug: Leveraging ChatGPT for Text Data Augmentation",2023,"arXiv preprint arXiv â€¦","arxiv.org","https://arxiv.org/pdf/2302.13007","",5,"2023-03-15 07:08:14","JOUR","","","",,,,,0,0.00,0,7,1,"â€¦ a (top panel): First, we apply ChatGPT for data augmentation. We input samples of all classes into ChatGPT and prompt ChatGPT to generate samples that preserves semantic â€¦","",""
5,"D Sobania, M Briesch, C Hanna, J Petke","An analysis of the automatic bug fixing performance of chatgpt",2023,"arXiv preprint arXiv:2301.08653","arxiv.org","https://arxiv.org/pdf/2301.08653","",6,"2023-03-15 07:08:14","JOUR","","","",,,,,5,5.00,1,4,1,"â€¦ Given that ChatGPT provides a unique opportunity of a â€¦ provide ChatGPT with a hint, based on ChatGPTâ€™s response. If â€¦ addressed by ChatGPT (see Table I), we provide ChatGPT with a â€¦","",""
6,"A Gilson, C Safranek, T Huang, V Socrates, L Chi, ...","How Well Does ChatGPT Do When Taking the Medical Licensing Exams? The Implications of Large Language Models for Medical Education and Knowledge â€¦",2022,"medRxiv","medrxiv.org","https://www.medrxiv.org/content/10.1101/2022.12.23.22283901.full.pdf","",7,"2023-03-15 07:08:14","JOUR","10.1101/2022.12.23.22283901.abstract","","",,,,,6,6.00,1,6,1,"â€¦ In this paper we aim to assess the medical knowledge of ChatGPT by quantifying its â€¦ ChatGPT to serve as a virtual medical tutor, we qualitatively examine the integrity of ChatGPTâ€¦","",""
1,"A Zarifhonarvar","Economics of ChatGPT: A Labor Market View on the Occupational Impact of Artificial Intelligence",2023,"Available at SSRN 4350925","papers.ssrn.com","https://www.econstor.eu/bitstream/10419/268826/1/Main Text %28Economics of ChatGPT%29 SSRN.pdf","",9,"2023-03-15 07:08:14","JOUR","","","",,,,,1,1.00,1,1,1,"â€¦ Because ChatGPT and other AI-powered services may automate a â€¦ ChatGPT, and I will focus on some of the most important findings. In addition, I will evaluate the effects that ChatGPT â€¦","",""
1,"A H S Kumar","Analysis of ChatGPT Tool to Assess the Potential of its Utility for Academic Writing in Biomedical Domain",2023,"Biology, Engineering, Medicine and Science Reports","bemsreports.org","https://www.bemsreports.org/index.php/bems/article/download/132/180","",10,"2023-03-15 07:08:14","JOUR","","","",,,,,1,1.00,1,1,1,"â€¦ of ChatGPT for academic writing in biomedical sciences. Materials and Methods: five randomly selected quey topics were input into ChatGPT for a response. The ChatGPT response â€¦","",""
0,"F Huang, H Kwak, J An","Is ChatGPT better than Human Annotators? Potential and Limitations of ChatGPT in Explaining Implicit Hate Speech",2023,"arXiv preprint arXiv:2302.07736","arxiv.org","https://arxiv.org/pdf/2302.07736","",11,"2023-03-15 07:08:14","JOUR","","","",,,,,0,0.00,0,3,1,"â€¦ ChatGPT can be used for providing natural language explanations (NLEs) for implicit hateful speech detection. We design our prompt to elicit concise ChatGPTâ€¦ limitations of ChatGPT in â€¦","",""
2,"N S L Yeo-Teh, B L Tang","Letter to Editor: NLP systems such as ChatGPT cannot be listed as an author because these cannot fulfill widely adopted authorship criteria",2023,"Accountability in research","Taylor &Francis","https://www.tandfonline.com/doi/full/10.1080/08989621.2023.2177160","",12,"2023-03-15 07:08:14","JOUR","10.1080/08989621.2023.2177160","","",,,,,2,2.00,1,2,1,"â€¦ ChatGPT being named among the authors have prompted negative reactions from the scientific community, and several publishers have indicated that ChatGPT â€¦ Although ChatGPT and â€¦","",""
1,"J Gunawan","Exploring the future of nursing: Insights from the ChatGPT model",2023,"Belitung Nursing Journal","belitungraya.org","https://www.belitungraya.org/BRP/index.php/bnj/article/download/2551/571","",13,"2023-03-15 07:08:14","JOUR","","","",,,,,1,1.00,1,1,1,"â€¦ was written by ChatGPT in response to prompts from JG. ChatGPT: ChatGPT is a large â€¦ This article was written by ChatGPT in response to prompts provided by JG. It is important to â€¦","",""
0,"M Sallam","The Utility of ChatGPT as an Example of Large Language Models in Healthcare Education, Research and Practice: Systematic Review on the Future Perspectives and â€¦",2023,"medRxiv","medrxiv.org","https://www.medrxiv.org/content/medrxiv/early/2023/02/21/2023.02.19.23286155.full.pdf","",14,"2023-03-15 07:08:14","JOUR","10.1101/2023.02.19.23286155.abstract","","",,,,,0,0.00,0,1,1,"â€¦ to investigate the possible utility of ChatGPT and to highlight its limitations â€¦ â€œChatGPTâ€. Eligibility criteria included the published research or preprints of any type that discussed ChatGPT â€¦","",""
0,"A Ahmad, M Waseem, P Liang, M Fehmideh, ...","Towards Human-Bot Collaborative Software Architecting with ChatGPT",2023,"arXiv preprint arXiv â€¦","arxiv.org","https://arxiv.org/pdf/2302.14600","",17,"2023-03-15 07:08:14","JOUR","","","",,,,,0,0.00,0,5,1,"â€¦ enable this collaboration is ChatGPT, a â€¦ ChatGPT for architectural analysis, synthesis, and evaluation of a services-driven software application. Preliminary results indicate that ChatGPT â€¦","",""
1,"H Alshurafat","The Usefulness and Challenges of Chatbots for Accounting Professionals: Application On ChatGPT",2023,"Available at SSRN 4345921","papers.ssrn.com","https://papers.ssrn.com/sol3/papers.cfm?abstract_id=4345921","",18,"2023-03-15 07:08:14","JOUR","","","",,,,,1,1.00,1,1,1,"â€¦ of ChatGPT for accounting professionals. As technology continues to impact a range of industries, the field of accounting is no exception. ChatGPT, a â€¦ implementation of ChatGPT in â€¦","",""
0,"P Tsigaris, J A Teixeira da Silva","Can ChatGPT be trusted to provide reliable estimates?",2023,"Accountability in Research","Taylor &Francis","https://www.tandfonline.com/doi/pdf/10.1080/08989621.2023.2179919","",20,"2023-03-15 07:08:14","JOUR","10.1080/08989621.2023.2179919","","",,,,,0,0.00,0,2,1,"â€¦ to obtain information from ChatGPT about the surface area of â€¦ We wanted to test if ChatGPT could replicate this knowledge â€¦ Furthermore, ChatGPT also made an easy calculation error â€¦","",""
0,"N Tiwary","Netizens, Academicians, and Information Professionals' Opinions About AI With Special Reference To ChatGPT",2023,"arXiv preprint arXiv:2302.07136","arxiv.org","https://arxiv.org/pdf/2302.07136","",21,"2023-03-15 07:08:14","JOUR","","","",,,,,0,0.00,0,1,1,"This study aims to understand the perceptions and opinions of academicians towards ChatGPT-3 by collecting and analyzing social media comments, and a survey was conducted with â€¦","",""
0,"J Willems","ChatGPT at Universitiesâ€“The Least of Our Concerns",2023,"Available at SSRN 4334162","papers.ssrn.com","https://www.researchgate.net/profile/Jurgen-Willems/publication/367339894_ChatGPT_at_universities_-The_least_of_our_concerns/links/63ce4071e922c50e99b91c7d/ChatGPT-at-universities-The-least-of-ou","",22,"2023-03-15 07:08:14","JOUR","","","",,,,,0,0.00,0,1,1,"â€¦ When Nature reports on a vivid debate in the scientific community that ChatGPT recently occurred as a co-author on scientific articles (Stokel-Walker, 2023), we know what time it is: â€œChatGPT â€¦","",""
0,"M Perkins","Academic Integrity considerations of AI Large Language Models in the post-pandemic era: ChatGPT and beyond",2023,"Journal of University Teaching &Learning Practice","ro.uow.edu.au","https://ro.uow.edu.au/cgi/viewcontent.cgi?article=3071&context=jutlp","",23,"2023-03-15 07:08:14","JOUR","","","",,,,,0,0.00,0,1,1,"This paper explores the academic integrity considerations of studentsâ€™ use of Artificial Intelligence tools using Large Language Models (LLMs) such as ChatGPT in formal â€¦","",""
0,"P Shakarian, A Koyyalamudi, N Ngu, ...","An Independent Evaluation of ChatGPT on Mathematical Word Problems (MWP)",2023,"arXiv preprint arXiv â€¦","arxiv.org","https://arxiv.org/pdf/2302.13814","",24,"2023-03-15 07:08:14","JOUR","","","",,,,,0,0.00,0,4,1,"â€¦ the first independent evaluation of ChatGPT. We found that ChatGPTâ€™s performance changes â€¦ We also have released the dataset of ChatGPTâ€™s responses to the MWPs to support further â€¦","",""
0,"L Ante, E Demir","The ChatGPT Effect on AI-themed cryptocurrencies",2023,"Available at SSRN 4350557","papers.ssrn.com","https://www.researchgate.net/profile/Lennart-Ante/publication/368316220_The_ChatGPT_Effect_on_AI-themed_cryptocurrencies/links/63e24ddce2e1515b6b794af6/The-ChatGPT-Effect-on-AI-themed-cryptocurre","",25,"2023-03-15 07:08:14","JOUR","","","",,,,,0,0.00,0,2,1,"â€¦ ChatGPT. We reveal significant abnormal returns for AI tokens after the launch of ChatGPT, up to â€¦ This suggests that the attention towards ChatGPT and AI in general has transitioned to â€¦","",""
2,"L Floridi","AI as Agency without Intelligence: On ChatGPT, large language models, and other generative models",2023,"Philosophy and Technology","papers.ssrn.com","https://www.academia.edu/download/98792736/SSRN_version_PHTE_March_2023_EH2LF.pdf","",26,"2023-03-15 07:08:14","JOUR","","","",,,,,2,2.00,2,1,1,"The article discusses the recent advancements in artificial intelligence (AI) and the development of large language models (LLMs) such as ChatGPT. The article argues that these LLMs â€¦","",""
0,"J KocoÅ„, I Cichecki, O Kaszyca, M Kochanek, ...","ChatGPT: Jack of all trades, master of none",2023,"arXiv preprint arXiv â€¦","arxiv.org","https://arxiv.org/pdf/2302.10724","",27,"2023-03-15 07:08:14","JOUR","","","",,,,,0,0.00,0,5,1,"â€¦ like ChatGPT on various NLP tasks in this work. We focus on evaluating the ChatGPT system â€¦ for which there is a high probability that ChatGPT could be wrong. This intuition is based on â€¦","",""
2,"R A Khan, M Jawaid, A R Khan, M Sajjad","ChatGPT-Reshaping medical education and clinical management",2023,"Pakistan Journal of Medical â€¦","pjms.org.pk","https://www.pjms.org.pk/index.php/pjms/article/download/7653/1673","",28,"2023-03-15 07:08:14","JOUR","","","",,,,,2,2.00,1,4,1,"â€¦ ChatGPT is the most widely known of the list with an amazing ability of content generation2. ChatGPT is â€¦ The purpose of ChatGPT is to generate text that mimics natural human language â€¦","",""
2,"K Wenzlaff, S Spaeth","Smarter than Humans? Validating how OpenAI's ChatGPT model explains Crowdfunding, Alternative Finance and Community Finance.",2022,"Validating how OpenAI's ChatGPT model â€¦","papers.ssrn.com","https://papers.ssrn.com/sol3/papers.cfm?abstract_id=4302443","",31,"2023-03-15 07:08:14","JOUR","","","",,,,,2,2.00,1,2,1,"â€¦ (1) Can we ask ChatGPT a series of further questions to which â€¦ (2) Can we ask ChatGPT a series of questions to which we â€¦ at least judge the responses from ChatGPT on their merits, in â€¦","",""
5,"F Antaki, S Touma, D Milad, J El-Khoury, R Duval","Evaluating the performance of chatgpt in ophthalmology: An analysis of its successes and shortcomings",2023,"medRxiv","medrxiv.org","https://www.medrxiv.org/content/medrxiv/early/2023/01/24/2023.01.22.23284882.full.pdf","",32,"2023-03-15 07:08:14","JOUR","10.1101/2023.01.22.23284882.abstract","","",,,,,5,5.00,1,5,1,"We tested the accuracy of ChatGPT, a large language model (LLM), in the ophthalmology question-answering space using two popular multiple choice question banks used for the high-â€¦","",""
1,"F Sanmarchi, D Golinelli, A Bucci","A step-by-step Researcher's Guide to the use of an AI-based transformer in epidemiology: an exploratory analysis of ChatGPT using the STROBE checklist for â€¦",2023,"medRxiv","medrxiv.org","https://www.medrxiv.org/content/10.1101/2023.02.06.23285514.full.pdf","",34,"2023-03-15 07:08:14","JOUR","10.1101/2023.02.06.23285514.abstract","","",,,,,1,1.00,0,3,1,"Objectives. This study aims at investigating how early-stage AI-based transformers can support researchers in designing and conducting an epidemiological study. To accomplish this, â€¦","",""
0,"C Krettek","ChatGPT",2023,"Die Unfallchirurgie","Springer","https://link.springer.com/article/10.1007/s00113-023-01296-y","",36,"2023-03-15 07:08:14","JOUR","10.1007/s00113-023-01296-y","","",,,,,0,0.00,0,1,1,"â€¦ Die Trainingsdaten von ChatGPT bestehen aus einer groÃŸen Menge von Menschen â€¦ von ChatGPT haben trotz einiger PerformancelÃ¼cken selbst Experten Ã¼berrascht. ChatGPT leistet â€¦","",""
7,"M M Alshater","Exploring the role of artificial intelligence in enhancing academic performance: A case study of ChatGPT",2022,"Available at SSRN","papers.ssrn.com","https://papers.ssrn.com/sol3/papers.cfm?abstract_id=4312358","",37,"2023-03-15 07:08:14","JOUR","","","",,,,,7,7.00,7,1,1,"â€¦ specifically ChatGPT, in enhancing academic performance. We will examine how ChatGPT â€¦ capabilities, benefits, and limitations of using ChatGPT in research. We will also address the â€¦","",""
11,"J Rudolph, S Tan, S Tan","ChatGPT: Bullshit spewer or the end of traditional assessments in higher education?",2023,"Journal of Applied Learning and Teaching","journals.sfu.ca","https://journals.sfu.ca/jalt/index.php/jalt/article/download/689/539","",38,"2023-03-15 07:08:14","JOUR","","","",,,,,11,11.00,4,3,1,"â€¦ journal articles to thematise ChatGPT and higher education. We describe ChatGPTâ€™s functionality and â€¦ in higher education in the context of AI chatbots such as ChatGPT? In positioning â€¦","",""
1,"P Maddigan, T Susnjak","Chat2vis: Generating data visualisations via natural language using chatgpt, codex and gpt-3 large language models",2023,"arXiv preprint arXiv:2302.02094","arxiv.org","https://arxiv.org/pdf/2302.02094","",39,"2023-03-15 07:08:14","JOUR","","","",,,,,1,1.00,1,2,1,"â€¦ in pre-trained large language models (LLMs) such as ChatGPT and GPT-3 to convert free-form â€¦ This work compares the performance of GPT-3, Codex and ChatGPT across a number of â€¦","",""
1,"N Kurian, J M Cherian, N A Sudharson, ...","AI is now everywhere",2023,"British Dental â€¦","nature.com","https://www.nature.com/articles/s41415-023-5461-1.pdf","",41,"2023-03-15 07:08:14","JOUR","","","",,,,,1,1.00,0,4,1,"â€¦ By 4 December 2022, OpenAI estimated ChatGPT already had over one million users. At its core, ChatGPT is a large language model and is an AI-powered conversational chatbot, â€¦","",""
0,"F M Megahed, Y J Chen, J A Ferris, S Knoth, ...","How Generative AI models such as ChatGPT can be (Mis) Used in SPC Practice, Education, and Research? An Exploratory Study",2023,"arXiv preprint arXiv â€¦","arxiv.org","https://arxiv.org/pdf/2302.10916","",43,"2023-03-15 07:08:14","JOUR","","","",,,,,0,0.00,0,5,1,"â€¦ ChatGPT can be used to augment coding, explain concepts, and create knowledge assets for practitioners. In the subsections below, we provide the results generated by our ChatGPT â€¦","",""
0,"R J M Ventayen","ChatGPT by OpenAI: Students' Viewpoint on Cheating using Artificial Intelligence-Based Application",2023,"Available at SSRN 4361548","papers.ssrn.com","https://papers.ssrn.com/sol3/papers.cfm?abstract_id=4361548","",44,"2023-03-15 07:08:14","JOUR","","","",,,,,0,0.00,0,1,1,"â€¦ ChatGPT. The results showed that more than half of the students are tempted to cheat and may use ChatGPT to â€¦ to using ChatGPT in their writing, It is important to note that ChatGPT can â€¦","",""
0,"S Shahriar, K Hayawi","Let's have a chat! A Conversation with ChatGPT: Technology, Applications, and Limitations",2023,"arXiv preprint arXiv:2302.13817","arxiv.org","https://arxiv.org/pdf/2302.13817","",46,"2023-03-15 07:08:14","JOUR","","","",,,,,0,0.00,0,2,1,"â€¦ and ethical concerns surrounding ChatGPT. In addition, we highlight some of the important limitations of the current version of ChatGPT. We also ask ChatGPT to provide its point of â€¦","",""
0,"J Å lapeta","Are ChatGPT and other pretrained language models good parasitologists?",2023,"Trends in Parasitology","cell.com","https://www.sciencedirect.com/science/article/pii/S1471492223000399","",48,"2023-03-15 07:08:14","JOUR","","","",,,,,0,0.00,0,1,1,"â€¦ , ChatGPT produced coherent and well-thought-out answers. However, unlike students, LLMs like ChatGPT â€¦ When ChatGPT was queried about the most common tapeworms found in â€¦","",""
0,"K Lehnert","AI Insights into Theoretical Physics and the Swampland Program: A Journey Through the Cosmos with ChatGPT",2023,"arXiv preprint arXiv:2301.08155","arxiv.org","https://arxiv.org/pdf/2301.08155","",50,"2023-03-15 07:08:14","JOUR","","","",,,,,0,0.00,0,1,1,"â€¦ and limitations of ChatGPT, a â€¦ ChatGPTâ€™s skills are, when it comes to combining, mixing, and synthesising the relevant concepts. Furthermore, we explore how we can use ChatGPT â€¦","",""
3,"R J M Ventayen","OpenAI ChatGPT Generated Results: Similarity Index of Artificial Intelligence-Based Contents",2023,"Available at SSRN 4332664","papers.ssrn.com","https://papers.ssrn.com/sol3/papers.cfm?abstract_id=4332664","",52,"2023-03-15 07:08:14","JOUR","","","",,,,,3,3.00,3,1,1,"â€¦ ChatGPT may be used for academic dishonesty for students who generate essays and topics. The study discovered that ChatGPT â€¦ This study will check the similarity index of ChatGPT-â€¦","",""
0,"A B Kocaballi","Conversational AI-Powered Design: ChatGPT as Designer, User, and Product",2023,"arXiv preprint arXiv:2302.07406","arxiv.org","https://arxiv.org/pdf/2302.07406","",53,"2023-03-15 07:08:14","JOUR","","","",,,,,0,0.00,0,1,1,"â€¦ conversational LLMs like ChatGPT, have prompted changes â€¦ ChatGPT in a human-centered design process. To this end, a hypothetical design project was conducted, where ChatGPT â€¦","",""
0,"O Oviedo-Trespalacios, A E Peden, ...","The Risks of Using ChatGPT to Obtain Common Safety-Related Information and Advice",2023,"Available at SSRN â€¦","papers.ssrn.com","https://papers.ssrn.com/sol3/papers.cfm?abstract_id=4346827","",54,"2023-03-15 07:08:14","JOUR","","","",,,,,0,0.00,0,3,1,"â€¦ using ChatGPT as a source of information and advice for safety-related issues. ChatGPT â€¦ The study highlights the need for caution when using ChatGPT for safety-related information â€¦","",""
17,"X Zhai","ChatGPT user experience: Implications for education",2022,"Available at SSRN 4312418","papers.ssrn.com","https://www.researchgate.net/profile/Xiaoming-Zhai/publication/366463233_ChatGPT_User_Experience_Implications_for_Education/links/63a2817aca6a9d254f8de010/ChatGPT-User-Experience-Implications-for","",57,"2023-03-15 07:08:14","JOUR","","","",,,,,17,17.00,17,1,1,"â€¦ the potentials and challenges of ChatGPT, to identify what skillsets â€¦ ChatGPT as it represents one of the most intelligent machines nowadays. Examining the intelligence that ChatGPT â€¦","",""
0,"X Zhai","ChatGPT for Next Generation Science Learning",2023,"Available at SSRN 4331313","papers.ssrn.com","https://www.researchgate.net/profile/Xiaoming-Zhai/publication/367281552_ChatGPT_for_Next_Generation_Science_Learning/links/63ca08e2e922c50e99aabd91/ChatGPT-for-Next-Generation-Science-Learning.p","",58,"2023-03-15 07:08:14","JOUR","","","",,,,,0,0.00,0,1,1,"â€¦ study suggests that ChatGPT cannot substitute teachers. Teachers need professional knowledge to use ChatGPT for instructional purposes. Further, the BlackBox of ChatGPT, in terms â€¦","",""
0,"G H Sun, S H Hoelscher","The ChatGPT Storm and What Faculty Can Do",2023,"Nurse Educator","journals.lww.com","https://journals.lww.com/nurseeducatoronline/Fulltext/9900/The_ChatGPT_Storm_and_What_Faculty_Can_Do.183.aspx","",60,"2023-03-15 07:08:14","JOUR","","","",,,,,0,0.00,0,2,1,"â€¦ about the impact of ChatGPT on education.Furthermore, ChatGPT has demonstrated the â€¦ Despite the ethical concerns surrounding its use, ChatGPT has demonstrated a remarkable â€¦","",""
0,"M Nair, R Sadhukhan, D Mukhopadhyay","Generating Secure Hardware using ChatGPT Resistant to CWEs",2023,"Cryptology ePrint Archive","eprint.iacr.org","https://eprint.iacr.org/2023/212.pdf","",64,"2023-03-15 07:08:14","JOUR","","","",,,,,0,0.00,0,3,1,"â€¦ Firstly, we prompt ChatGPT to generate code scenarios listed in â€¦ how a ChatGPT generates insecure code given the diversity of prompts. We will demonstrate how an unvetted ChatGPT â€¦","",""
0,"X Chen","ChatGPT and Its Possible Impact on Library Reference Services",2023,"Internet Reference Services Quarterly","Taylor &Francis","https://www.tandfonline.com/doi/abs/10.1080/10875301.2023.2181262","",65,"2023-03-15 07:08:14","JOUR","10.1080/10875301.2023.2181262","","",,,,,0,0.00,0,1,1,"â€¦ If ChatGPT is â€¦ ChatGPT: â€œResearchers who use ChatGPT risk being misled by false or biased informationâ€ (van Dis, Bollen, Zuidema, van Rooij, &Bockting, Citation2023), and â€œChatGPT â€¦","",""
1,"F J GarcÃ­a-PeÃ±alvo","La percepciÃ³n de la Inteligencia Artificial en contextos educativos tras el lanzamiento de ChatGPT: disrupciÃ³n o pÃ¡nico",2023,"Education in the Knowledge Society (EKS)","revistas.usal.es","https://revistas.usal.es/tres/index.php/eks/article/download/31279/29185","",66,"2023-03-15 07:08:14","JOUR","","","",,,,,1,1.00,1,1,1,"â€¦ Indeed, it is ChatGPT. Although artificial intelligence had already been in the news and often masked under various other meanings, the ChatGPT phenomenon has once again brought â€¦","",""
0,"G Zuccon, B Koopman","Dr ChatGPT, tell me what I want to hear: How prompt knowledge impacts health answer correctness",2023,"arXiv preprint arXiv:2302.13793","arxiv.org","https://arxiv.org/pdf/2302.13793","",67,"2023-03-15 07:08:14","JOUR","","","",,,,,0,0.00,0,2,1,"â€¦ language models (GPLMs) like ChatGPT encode in the modelâ€™â€¦ correctness generated by ChatGPT when leveraging the modelâ€¦ Aside from measuring the effectiveness of ChatGPT in this â€¦","",""
0,"S Liu, A P Wright, B L Patterson, J P Wanderer, R W Turer, ...","Assessing the Value of ChatGPT for Clinical Decision Support Optimization",2023,"medRxiv","medrxiv.org","https://www.medrxiv.org/content/medrxiv/early/2023/02/23/2023.02.21.23286254.full.pdf","",68,"2023-03-15 07:08:14","JOUR","10.1101/2023.02.21.23286254.abstract","","",,,,,0,0.00,0,6,1,"â€¦ The objectives for this work were to determine if ChatGPT can generate useful â€¦ show that ChatGPT suggestions are superior to human suggestions but, rather, to show that the ChatGPT â€¦","",""
0,"T Susnjak","Applying BERT and ChatGPT for Sentiment Analysis of Lyme Disease in Scientific Literature",2023,"arXiv preprint arXiv:2302.06474","arxiv.org","https://arxiv.org/pdf/2302.06474","",69,"2023-03-15 07:08:14","JOUR","","","",,,,,0,0.00,0,1,1,"This chapter presents a practical guide for conducting Sentiment Analysis using Natural Language Processing (NLP) techniques in the domain of tick-borne disease text. The aim is to â€¦","",""
0,"Y H Yeo, J S Samaan, W H Ng, P S Ting, H Trivedi, ...","Assessing the performance of ChatGPT in answering questions regarding cirrhosis and hepatocellular carcinoma",2023,"medRxiv","medrxiv.org","https://www.medrxiv.org/content/10.1101/2023.02.06.23285449.full.pdf","",70,"2023-03-15 07:08:14","JOUR","10.1101/2023.02.06.23285449.abstract","","",,,,,0,0.00,0,6,1,"â€¦ Compared to physicians/trainees, ChatGPT lacked knowledge of regional â€¦ of ChatGPTâ€™s responses on the management of cirrhosis and HCC and relevant emotional support. ChatGPT â€¦","",""
0,"Z A Pardos, S Bhandari","Learning gain differences between ChatGPT and human tutor generated algebra hints",2023,"arXiv preprint arXiv:2302.06871","arxiv.org","https://arxiv.org/pdf/2302.06871","",71,"2023-03-15 07:08:14","JOUR","","","",,,,,0,0.00,0,2,1,"â€¦ In this paper, we conduct the first learning gain evaluation of ChatGPT by comparing the â€¦ by ChatGPT passed our manual quality checks and that both human and ChatGPT conditions â€¦","",""
31,"Ã– AydÄ±n, E Karaarslan","OpenAI ChatGPT generated literature review: Digital twin in healthcare",2022,"Available at SSRN 4308687","papers.ssrn.com","http://acikerisim.mu.edu.tr/xmlui/bitstream/handle/20.500.12809/10483/Omer.pdf?sequence=1","",73,"2023-03-15 07:08:14","JOUR","","","",,,,,31,31.00,16,2,1,"â€¦ We used ChatGPT to create a literature review article to show the stage of the OpenAI ChatGPT artificial intelligence application. As the subject, the applications of Digital Twin in the â€¦","",""
0,"R Sarel","Restraining ChatGPT",2023,"Available at SSRN 4354486","papers.ssrn.com","https://papers.ssrn.com/sol3/papers.cfm?abstract_id=4354486","",74,"2023-03-15 07:08:14","JOUR","","","",,,,,0,0.00,0,1,1,"ChatGPT is a prominent example of how Artificial Intelligence (AI) has stormed into our lives. Within a matter of weeks, this new AIâ€”which produces coherent and human-like textual â€¦","",""
20,"T Susnjak","ChatGPT: The End of Online Exam Integrity?",2022,"arXiv preprint arXiv:2212.09292","arxiv.org","https://arxiv.org/pdf/2212.09292","",76,"2023-03-15 07:08:14","JOUR","","","",,,,,20,20.00,20,1,1,"â€¦ Abstract This study evaluated the ability of ChatGPT, a recently developed artificial â€¦ use of ChatGPT as a tool for academic misconduct in online exams. The study found that ChatGPT is â€¦","",""
20,"J V Pavlik","Collaborating With ChatGPT: Considering the Implications of Generative Artificial Intelligence for Journalism and Media Education",2023,"Journalism &Mass Communication Educator","journals.sagepub.com","https://journals.sagepub.com/doi/abs/10.1177/10776958221149577","",77,"2023-03-15 07:08:14","JOUR","10.1177/10776958221149577","","",,,,,20,20.00,20,1,1,"â€¦ platform called ChatGPT made available to the public in 2022 for free use. ChatGPT allows users â€¦ in collaboration with ChatGPT. The essay demonstrates the capacity and limitations of â€¦","",""
2,"M Khalil, E Er","Will ChatGPT get you caught? Rethinking of Plagiarism Detection",2023,"arXiv preprint arXiv:2302.04335","arxiv.org","https://arxiv.org/pdf/2302.04335","",78,"2023-03-15 07:08:14","JOUR","","","",,,,,2,2.00,1,2,1,"â€¦ by one of the most popular AI chatbots, ChatGPT. To this end, two popular plagiarism â€¦ 50 essays generated by ChatGPT on various topics. Our results manifest that ChatGPT has a great â€¦","",""
1,"D Mhlanga","Open AI in Education, the Responsible and Ethical Use of ChatGPT Towards Lifelong Learning",2023,"â€¦ Ethical Use of ChatGPT Towards Lifelong Learning â€¦","papers.ssrn.com","https://www.researchgate.net/profile/David-Mhlanga-2/publication/368476294_Open_AI_in_Education_the_Responsible_and_Ethical_Use_of_ChatGPT_Towards_Lifelong_Learning/links/63eb1c91bd7860764366f597","",80,"2023-03-15 07:08:14","JOUR","","","",,,,,1,1.00,1,1,1,"â€¦ technologies like Open AI's ChatGPT. Modern technology like the ChatGPT language model has â€¦ analysis of the responsible and ethical usage of ChatGPT in education, as well as to â€¦","",""
0,"S A Prieto, E T Mengiste, B G de Soto","Investigating the use of ChatGPT for the scheduling of construction projects",2023,"arXiv preprint arXiv:2302.02805","arxiv.org","https://arxiv.org/pdf/2302.02805","",81,"2023-03-15 07:08:14","JOUR","","","",,,,,0,0.00,0,3,1,"â€¦ Large language models such as ChatGPT have the potential to â€¦ ChatGPT was used to generate a construction schedule for a simple construction project. The output from ChatGPT was â€¦","",""
1,"F Ali","Let the devil speak for itself: Should ChatGPT be allowed or banned in hospitality and tourism schools?",2023,"Journal of Global Hospitality and Tourism","digitalcommons.usf.edu","https://digitalcommons.usf.edu/cgi/viewcontent.cgi?article=1026&context=jght","",87,"2023-03-15 07:08:14","JOUR","","","",,,,,1,1.00,1,1,1,"â€¦ by ChatGPT may not always be accurate or appropriate. In conclusion, using ChatGPT as the â€¦ Instead, it may be more appropriate to use ChatGPT to support and supplement students' â€¦","",""
4,"A Borji","A categorical archive of chatgpt failures",2023,"arXiv preprint arXiv:2302.03494","arxiv.org","https://arxiv.org/pdf/2302.03494.pdf?trk=public_post_comment-text","",88,"2023-03-15 07:08:14","JOUR","","","",,,,,4,4.00,4,1,1,"â€¦ and examining ChatGPTâ€™s behavior in various mathematical situations. ChatGPT is trained on â€¦ establish a reference point for evaluating the progress of chatbots like ChatGPT over time. â€¦","",""
0,"S S Biswas","Potential Use of Chat GPT in Global Warming",2023,"Annals of Biomedical Engineering","Springer","https://link.springer.com/content/pdf/10.1007/s10439-023-03171-8.pdf","",89,"2023-03-15 07:08:14","JOUR","10.1007/s10439-023-03171-8","","",,,,,0,0.00,0,1,1,"â€¦ as ChatGPT, have the potential to play a critical role in advancing our understanding of climate change and improving the accuracy of climate projections. ChatGPT can â€¦ asking chatGPT â€¦","",""
0,"E Felten, M Raj, R Seamans","How will Language Modelers like ChatGPT Affect Occupations and Industries?",2023,"arXiv preprint arXiv:2303.01157","arxiv.org","https://arxiv.org/pdf/2303.01157","",90,"2023-03-15 07:08:14","JOUR","","","",,,,,0,0.00,0,3,1,"â€¦ of tools like ChatGPT on jobs, as in the New York Post article headlined â€œChatGPT could make â€¦ partnership with Open AI and has linked ChatGPT with its Bing search engine.Google felt â€¦","",""
4,"S KrÃ¼gel, A Ostermaier, M Uhl","The moral authority of ChatGPT",2023,"arXiv preprint arXiv:2301.07098","arxiv.org","https://arxiv.org/pdf/2301.07098","",91,"2023-03-15 07:08:14","JOUR","","","",,,,,4,4.00,1,3,1,"ChatGPT is not only fun to chat with, but it also searches â€¦ Unfortunately, ChatGPT turns out highly inconsistent as a moral â€¦ Thus, ChatGPT threatens to corrupt rather than improves â€¦","",""
4,"L Bishop","A computer wrote this paper: What chatgpt means for education, research, and writing",2023,"Research, and Writing (January 26, 2023)","papers.ssrn.com","https://papers.ssrn.com/sol3/papers.cfm?abstract_id=4338981","",92,"2023-03-15 07:08:14","JOUR","","","",,,,,4,4.00,4,1,1,"â€¦ If you are new to the ChatGPT technology, your first instinct will be to assume that the software â€¦ You were unable to distinguish ChatGPT from a human being. From this day forward, you â€¦","",""
1,"S Jalil, S Rafi, T D LaToza, K Moran, W Lam","ChatGPT and Software Testing Education: Promises &Perils",2023,"arXiv preprint arXiv â€¦","arxiv.org","https://arxiv.org/pdf/2302.03287","",93,"2023-03-15 07:08:14","JOUR","","","",,,,,1,1.00,0,5,1,"â€¦ ChatGPT performs when tasked with solving common questions in a popular software testing curriculum. Our findings indicate that ChatGPT â€¦ use of ChatGPT by students and instructors. â€¦","",""
2,"P Hacker, A Engel, M Mauer","Regulating ChatGPT and other Large Generative AI Models",2023,"arXiv preprint arXiv:2302.02337","arxiv.org","https://arxiv.org/pdf/2302.02337","",94,"2023-03-15 07:08:14","JOUR","","","",,,,,2,2.00,1,3,1,"Large generative AI models (LGAIMs), such as ChatGPT or Stable Diffusion, are rapidly transforming the way we communicate, illustrate, and create. However, AI regulation, in the EU â€¦","",""
1,"W Geerling, G D Mateer, J Wooten, ...","Is ChatGPT Smarter than a Student in Principles of Economics?",2023,"Available at SSRN â€¦","papers.ssrn.com","https://www.researchgate.net/profile/Wayne-Geerling/publication/368479875_Is_ChatGPT_Smarter_than_a_Student_in_Principles_of_Economics/links/63ef7a4a2958d64a5cda0811/Is-ChatGPT-Smarter-than-a-Stu","",95,"2023-03-15 07:08:14","JOUR","","","",,,,,1,1.00,0,4,1,"â€¦ The purpose of this study was to evaluate the performance of ChatGPT in microeconomics and macroeconomics tests, as assessed by the TUCE. The results show that ChatGPT ranks â€¦","",""
9,"J H Choi, K E Hickman, A Monahan, ...","Chatgpt goes to law school",2023,"Available at â€¦","papers.ssrn.com","https://papers.ssrn.com/sol3/papers.cfm?abstract_id=4335905","",97,"2023-03-15 07:08:14","JOUR","","","",,,,,9,9.00,2,4,1,"â€¦ and 12 essay questions, ChatGPT performed on average at the â€¦ and advice on how ChatGPT can assist with legal writing. â€¦ We used ChatGPT to produce answers to four separate final â€¦","",""
3,"A Zaremba, E Demir","ChatGPT: Unlocking the Future of NLP in Finance",2023,"Available at SSRN 4323643","papers.ssrn.com","https://papers.ssrn.com/sol3/papers.cfm?abstract_id=4324465","",98,"2023-03-15 07:08:14","JOUR","","","",,,,,3,3.00,2,2,1,"This paper reviews the current state of ChatGPT technology in finance and its potential to improve existing NLP-based financial applications. We discuss the ethical and regulatory â€¦","",""
1,"A T Gabrielson, A Y Odisho, D Canes","Harnessing Generative AI to Improve Efficiency Among Urologists: Welcome ChatGPT",2023,"The Journal of Urology","auajournals.org","https://www.auajournals.org/doi/pdf/10.1097/JU.0000000000003383","",99,"2023-03-15 07:08:14","JOUR","10.1097/JU.0000000000003383","","",,,,,1,1.00,0,3,1,"â€¦ OpenAIâ€™s latest iteration of ChatGPT (generative pretrained transformer)â€¦ the capabilities and limitations of ChatGPT for urologists. Urologists â€¦ ChatGPT has the potential to impact clinical â€¦","",""
7,"D Baidoo-Anu, L Owusu Ansah","Education in the Era of Generative Artificial Intelligence (AI): Understanding the Potential Benefits of ChatGPT in Promoting Teaching and Learning",2023,"Available at SSRN 4337484","papers.ssrn.com","https://papers.ssrn.com/sol3/papers.cfm?abstract_id=4337484","",103,"2023-03-15 07:08:14","JOUR","","","",,,,,7,7.00,4,2,1,"â€¦ ChatGPT garnered more than one million subscribers within a week. The generative AI toolâŽ¼ ChatGPT â€¦ The extraordinary abilities of ChatGPT to perform complex tasks within the field of â€¦","",""
0,"V Seney, M L Desroches, M S Schuler","Using ChatGPT to Teach Enhanced Clinical Judgment in Nursing Education",2023,"Nurse Educator","journals.lww.com","https://journals.lww.com/nurseeducatoronline/Fulltext/9900/Using_ChatGPT_to_Teach_Enhanced_Clinical_Judgment.185.aspx","",104,"2023-03-15 07:08:14","JOUR","","","",,,,,0,0.00,0,3,1,"â€¦ in the age of ChatGPT would be to ask students to create a case study based on a ChatGPT-â€¦ for the given interventions posed by the ChatGPT NCLEX question and develop evaluation â€¦","",""
2,"Ã– AydÄ±n, E Karaarslan","Is ChatGPT Leading Generative AI? What is Beyond Expectations?",2023,"What is Beyond Expectations","papers.ssrn.com","https://www.researchgate.net/profile/Oemer-Aydin-9/publication/367525655_Is_ChatGPT_Leading_Generative_AI_What_is_Beyond_Expectations/links/63d6da7bc97bd76a8246df5f/Is-ChatGPT-Leading-Generative-","",105,"2023-03-15 07:08:14","JOUR","","","",,,,,2,2.00,1,2,1,"â€¦ ChatGPT and what it was trying to get it to do. At the same time, we can make an inference from the responses of ChatGPT to these requests and the capabilities of ChatGPTâ€¦ for ChatGPTâ€¦","",""
0,"L Luan, X Lin, W Li","Exploring the Cognitive Dynamics of Artificial Intelligence in the Post-COVID-19 and Learning 3.0 Era: A Case Study of ChatGPT",2023,"arXiv preprint arXiv:2302.04818","arxiv.org","https://arxiv.org/pdf/2302.04818","",108,"2023-03-15 07:08:14","JOUR","","","",,,,,0,0.00,0,3,1,"The emergence of artificial intelligence has incited a paradigm shift across the spectrum of human endeavors, with ChatGPT serving as a catalyst for the transformation of various â€¦","",""
0,"S MitroviÄ‡, D Andreoletti, O Ayoub","ChatGPT or Human? Detect and Explain. Explaining Decisions of Machine Learning Model for Detecting Short ChatGPT-generated Text",2023,"arXiv preprint arXiv:2301.13852","arxiv.org","https://arxiv.org/pdf/2301.13852","",114,"2023-03-15 07:08:14","JOUR","","","",,,,,0,0.00,0,3,1,"â€¦ The first experiment involves ChatGPT text generated from â€¦ disambiguation between human and ChatGPT-generated reviews â€¦ Using explainability, we observe that ChatGPT's writing is â€¦","",""
13,"M U Haque, I Dharmadasa, Z T Sworna, ...",""" I think this is the most disruptive technology"": Exploring Sentiments of ChatGPT Early Adopters using Twitter Data",2022,"arXiv preprint arXiv â€¦","arxiv.org","https://arxiv.org/pdf/2212.05856","",118,"2023-03-15 07:08:14","JOUR","","","",,,,,13,13.00,3,4,1,"â€¦ ChatGPT developed by OpenAI is one such implementation â€¦ using 10,732 tweets from early ChatGPT users. We first use â€¦ the potential for misuse of ChatGPT, especially regarding topics â€¦","",""
4,"M Mijwil, M Aljanabi, A H Ali","ChatGPT: Exploring the Role of Cybersecurity in the Protection of Medical Information",2023,"Mesopotamian â€¦","journals.mesopotamian.press","https://journals.mesopotamian.press/index.php/CyberSecurity/article/download/29/52","",120,"2023-03-15 07:08:14","JOUR","","","",,,,,4,4.00,1,3,1,"â€¦ Overall, ChatGPT represents a significant advancement in natural language processing and â€¦ the ChatGPT [1-4]. The primary purpose of this article is to showcase the ability of ChatGPT â€¦","",""
0,"B Lund, D Agbaji","Information Literacy, Data Literacy, Privacy Literacy, and ChatGPT: Technology Literacies Align with Perspectives on Emerging Technology Adoption within â€¦",2023,"Data Literacy, Privacy Literacy, and ChatGPT â€¦","papers.ssrn.com","https://papers.ssrn.com/sol3/papers.cfm?abstract_id=4324580","",121,"2023-03-15 07:08:14","JOUR","","","",,,,,0,0.00,0,2,1,"â€¦ I have used ChatGPT before. 13. I think ChatGPT would be a useful resource for my community. 14. I think ChatGPT could replace or augment existing community resources. 15. I am â€¦","",""
4,"R W McGee","Is Chat GPT Biased against Conservatives? An Empirical Study",2023,"An Empirical Study (February 15, 2023)","papers.ssrn.com","https://www.researchgate.net/profile/Robert-Mcgee-5/publication/368536146_Is_Chat_GPT_Biased_against_Conservatives_An_Empirical_Study/links/63ed349a2958d64a5cd0a250/Is-Chat-GPT-Biased-against-Con","",122,"2023-03-15 07:08:14","JOUR","","","",,,,,4,4.00,4,1,1,"This paper used Chat GPT to create Irish Limericks. During the creation process, a pattern was observed that seemed to create positive Limericks for liberal politicians and negative â€¦","",""
2,"L De Angelis, F Baglivo, G Arzilli, ...","ChatGPT and the Rise of Large Language Models: The New AI-Driven Infodemic Threat in Public Health",2023,"Available at SSRN â€¦","papers.ssrn.com","https://papers.ssrn.com/sol3/papers.cfm?abstract_id=4352931","",123,"2023-03-15 07:08:14","JOUR","","","",,,,,2,2.00,1,4,1,"â€¦ a product generated by ChatGPT would be â€¦ ChatGPT and speculate about its future impact on research and public health. The objective of this paper is to promote a debate on ChatGPTâ€™â€¦","",""
1,"B Rathore","Future of Textile: Sustainable Manufacturing &Prediction via ChatGPT",2023,"Eduzone: International Peer Reviewed/Refereed â€¦","eduzonejournal.com","https://eduzonejournal.com/index.php/eiprmj/article/download/253/213","",124,"2023-03-15 07:08:14","JOUR","","","",,,,,1,1.00,1,1,1,"â€¦ Research on ChatGPT in the textile industry could focus on â€¦ On the customer-facing side, ChatGPT can be used to provide â€¦ , and strategies of ChatGPT employed in the context of the â€¦","",""
3,"M Mijwil, M Aljanabi","Towards Artificial Intelligence-Based Cybersecurity: The Practices and ChatGPT Generated Ways to Combat Cybercrime",2023,"Iraqi Journal For Computer Science and â€¦","journal.esj.edu.iq","https://journal.esj.edu.iq/index.php/IJCM/article/download/538/259","",125,"2023-03-15 07:08:14","JOUR","","","",,,,,3,3.00,2,2,1,"Today, cybersecurity is considered one of the most noteworthy topics that are circulated frequently among companies in order to protect their data from hacking operations. The â€¦","",""
0,"A Faiz, I Kurniawaty","Tantangan Penggunaan ChatGPT dalam Pendidikan Ditinjau dari Sudut Pandang Moral",2023,"EDUKATIF: JURNAL ILMU PENDIDIKAN","edukatif.org","https://www.edukatif.org/index.php/edukatif/article/view/4779","",126,"2023-03-15 07:08:14","JOUR","","","",,,,,0,0.00,0,2,1,"Dunia saat ini memasuki kondisi dimana teknologi sangat berpengaruh dalam kehidupan sehari-hari. Tujuan penelitian ini untuk menjelaskan kepada para pendidik terkait penguatan â€¦","",""
1,"R Marusenko","New challenges in assessing students' knowledge: chatbot ChatGPT and realtime deepfakes",2023,"","researchgate.net","https://www.researchgate.net/profile/Roman-Marusenko/publication/368450665_New_challenges_in_assessing_students'_knowledge_chatbot_ChatGPT_and_real-time_deepfakes/links/63e815e8e2e1515b6b8bad02/New-challenges-in-assessing-students-knowledge-chatbot-ChatGP","",16,"2023-03-15 07:08:14","PDF","","","",,,,,1,1.00,1,1,1,"â€¦ the quality of knowledge assessment in educational institutions illustrated by ChatGPT, NVIDIA Eye â€¦ The main feature of ChatGPT is output generation in real-time. Responses â€¦","",""
0,"A Iskender","Holy or Unholy? Interview with Open AI's ChatGPT",2023,"European Journal of Tourism Research","researchgate.net","https://www.researchgate.net/profile/Ali-Iskender/publication/368855645_Holy_or_Unholy_Interview_with_Open_AI's_ChatGPT/links/63fe169557495059454f61d1/Holy-or-Unholy-Interview-with-Open-AIs-ChatGPT.pdf","",29,"2023-03-15 07:08:14","PDF","","","",,,,,0,0.00,0,1,1,"â€¦ The originality of this paper derives from having the ChatGPT as an interviewee. ChatGPT â€¦ and focus on more intellectual tasks, and students may utilize ChatGPT to brainstorm ideas. â€¦","",""
1,"J C F de Winter","Can ChatGPT Pass High School Exams on English Language Comprehension?",2023,"","researchgate.net","https://www.researchgate.net/profile/Joost-De-Winter/publication/366659237_Can_ChatGPT_pass_high_school_exams_on_English_Language_Comprehension/links/63b9c3fcc3c99660ebd8847c/Can-ChatGPT-pass-high-school-exams-on-English-Language-Comprehension.pdf","",33,"2023-03-15 07:08:14","PDF","","","",,,,,1,1.00,1,1,1,"â€¦ There are ongoing questions about the capabilities of ChatGPT. In this study, ChatGPT was â€¦ On the Dutch ten-point scale, the mean grade achieved by ChatGPT according to official â€¦","",""
2,"M Sallam, N A Salim, B Ala'a, M Barakat, D Fayyad, ...","ChatGPT Output Regarding Compulsory Vaccination and COVID-19 Vaccine Conspiracy: A Descriptive Study at the Outset of a Paradigm Shift in Online Search â€¦",2023,"Cureus","cureus.com","https://www.cureus.com/articles/138396-chatgpt-output-regarding-compulsory-vaccination-and-covid-19-vaccine-conspiracy-a-descriptive-study-at-the-outset-of-a-paradigm-shift-in-online-search-for-information.pdf","",40,"2023-03-15 07:08:14","PDF","","","",,,,,2,2.00,0,6,1,"â€¦ content, etc.), we aimed to describe the ChatGPT response content towards COVID-19 vaccination conspiracy and the ChatGPT views on compulsory vaccination in terms of scientific â€¦","",""
0,"A Nachshon, B Batzofin, M Beil, P V van Heerden, ...","When Palliative Care May Be the Only Option in the Management of Severe Burns: A Case Report Written With the Help of ChatGPT",2023,"Cureus","cureus.com","https://www.cureus.com/articles/141395-when-palliative-care-may-be-the-only-option-in-the-management-of-severe-burns-a-case-report-written-with-the-help-of-chatgpt.pdf","",42,"2023-03-15 07:08:14","PDF","","","",,,,,0,0.00,0,5,1,"We present a case of 100% third-degree burns. The patient received full resuscitative measures, but the family was prepared for a poor outcome based on the severe extent of the â€¦","",""
1,"H Alkaissi, S I McFarlane","Artificial Hallucinations in ChatGPT: Implications in Scientific Writing",2023,"Cureus","cureus.com","https://www.cureus.com/articles/138667-artificial-hallucinations-in-chatgpt-implications-in-scientific-writing.pdf","",45,"2023-03-15 07:08:14","PDF","","","",,,,,1,1.00,1,2,1,"â€¦ Implications of ChatGPT, that new chatbot introduced by â€¦ written with the assistance of ChatGPT, we present two cases one â€¦ We tested ChatGPT to write about the pathogenesis of these â€¦","",""
0,"W Tabone, J de Winter","Using ChatGPT for Humanâ€“Computer Interaction Research: A Primer",2023,"","researchgate.net","https://www.researchgate.net/profile/Wilbert-Tabone/publication/367284084_Using_ChatGPT_for_Human-Computer_Interaction_Research_A_Primer/links/63ca6066e922c50e99abb2c8/Using-ChatGPT-for-Human-Computer-Interaction-Research-A-Primer.pdf","",47,"2023-03-15 07:08:14","PDF","","","",,,,,0,0.00,0,2,1,"â€¦ We examined whether ChatGPT can be used as a valid tool in HCI â€¦ A hierarchical approach was used, where ChatGPT was â€¦ In conclusion, ChatGPT is a valid tool for analysing text data â€¦","",""
0,"R K Sinha, A D Roy, N Kumar, H Mondal, R Sinha","Applicability of ChatGPT in Assisting to Solve Higher Order Problems in Pathology",2023,"Cureus","cureus.com","https://www.cureus.com/articles/140097-applicability-of-chatgpt-in-assisting-to-solve-higher-order-problems-in-pathology.pdf","",51,"2023-03-15 07:08:14","PDF","","","",,,,,0,0.00,0,5,1,"â€¦ We aimed to ascertain the capability of ChatGPT in solving â€¦ ChatGPT is one such AI-based conversational program that â€¦ In this study, we aimed to ascertain the capability of ChatGPT â€¦","",""
1,"X Wang, Z Gong, G Wang, J Jia, Y Xu, J Zhao, Q Fan, ...","ChatGPT Performs on the Chinese National Medical Licensing Examination",2023,"","researchsquare.com","https://www.researchsquare.com/article/rs-2584079/latest.pdf","",56,"2023-03-15 07:08:14","PDF","","","",,,,,1,1.00,0,8,1,"â€¦ ChatGPT, a language model â€¦ of ChatGPT with those of medical students in China by administering the Chinese National Medical Licensing Examination (NMLE) to both ChatGPT and â€¦","",""
3,"R W McGee","Annie Chan: Three Short Stories Written with Chat GPT",2023,"Available at SSRN 4359403","researchgate.net","https://www.researchgate.net/profile/Robert-Mcgee-5/publication/368536148_ANNIE_CHAN_Three_Short_Stories_Written_with_Chat_GPT/links/63ed35b531cb6a6d1d04768b/ANNIE-CHAN-Three-Short-Stories-Written-with-Chat-GPT.pdf","",61,"2023-03-15 07:08:14","PDF","","","",,,,,3,3.00,3,1,1,"â€¦ The three stories were written using Chat GPT, a chatbot (artificial intelligence). â€¦ Chat GPT (Chat Generative Pre-trained Transformer)1 is a chatbot, a form of artificial intelligence â€¦","",""
0,"D Johnson, R Goodman, J Patrinely, C Stone, ...","Assessing the Accuracy and Reliability of AI-Generated Medical Responses: An Evaluation of the Chat-GPT Model",2023,"","researchsquare.com","https://www.researchsquare.com/article/rs-2566942/latest.pdf","",96,"2023-03-15 07:08:14","PDF","","","",,,,,0,0.00,0,5,1,"â€¦ ChatGPT can generate text-based content and are poised to become a major information source in medicine and beyond. The accuracy and completeness of ChatGPT â€¦ graded ChatGPTâ€¦","",""
1,"R W McGee","Who Were the 10 Best and 10 Worst US Presidents? The Opinion of Chat GPT (Artificial Intelligence)",2023,"The Opinion of Chat GPT (Artificial Intelligence) â€¦","researchgate.net","https://www.researchgate.net/profile/Robert-Mcgee-5/publication/368719515_WHO_WERE_THE_10_BEST_AND_10_WORST_US_PRESIDENTS_The_Opinion_of_Chat_GPT_Artificial_Intelligence/links/63f701b10cf1030a5643cb93/WHO-WERE-THE-10-BEST-AND-10-WORST-US-PRESIDENTS-The-Op","",101,"2023-03-15 07:08:14","PDF","","","",,,,,1,1.00,1,1,1,"â€¦ This study asked Chat GPT for lists of the 10 best and 10 worst US presidents. After the lists are presented, a brief commentary on the choices is given. â€¦ I merely cut and pasted â€¦","",""
0,"P Stutz, M Elixhauser, J Grubinger-Preiner, V Linner, ...","Ch (e) atgpt? an Anecdotal Approach on the Impact of Chatgpt on Teaching and Learning Giscience",2023,"","edarxiv.org","https://edarxiv.org/j3m9b/download","",102,"2023-03-15 07:08:14","PDF","","","",,,,,0,0.00,0,5,1,"â€¦ processing systems like ChatGPT recently gained â€¦ ChatGPT on teaching and learning based on a real world use case. It focuses on the results of a fictional student who used ChatGPT â€¦","",""
2,"N Manohar, S S Prasad","Use of ChatGPT in Academic Publishing: A Rare Case of Seronegative Systemic Lupus Erythematosus in a Patient With HIV Infection",2023,"Cureus Journal of Medical Science","cureus.com","https://www.cureus.com/articles/136411-use-of-chatgpt-in-academic-publishing-a-rare-case-of-seronegative-systemic-lupus-erythematosus-in-a-patient-with-hiv-infection.pdf","",106,"2023-03-15 07:08:14","PDF","","","",,,,,2,2.00,1,2,1,"Diagnosing systemic lupus erythematosus (SLE) may be difficult in cases of negative results for antinuclear antibodies (ANAs) and anti-double stranded DNA (dsDNA) antibodies, which â€¦","",""
0,"R Lantz","Toxic Epidermal Necrolysis in a Critically Ill African American Woman: A Case Report Written With ChatGPT Assistance",2023,"Cureus","cureus.com","https://www.cureus.com/articles/139642-toxic-epidermal-necrolysis-in-a-critically-ill-african-american-woman-a-case-report-written-with-chatgpt-assistance.pdf","",109,"2023-03-15 07:08:14","PDF","","","",,,,,0,0.00,0,1,1,"â€¦ While there are some benefits to using AI such as ChatGPT, including information gathering â€¦ It is our impression that ChatGPT use is beneficial in some regards, but its limitations should â€¦","",""
1,"H M Akhter, J S Cooper, J Cooper","Acute Pulmonary Edema After Hyperbaric Oxygen Treatment: A Case Report Written With ChatGPT Assistance",2023,"Cureus","cureus.com","https://www.cureus.com/articles/136986-acute-pulmonary-edema-after-hyperbaric-oxygen-treatment-a-case-report-written-with-chatgpt-assistance.pdf","",111,"2023-03-15 07:08:14","PDF","","","",,,,,1,1.00,0,3,1,"â€¦ This case report was written with the assistance of ChatGPT, January 9th version 2023. ChatGPT â€¦ We found ChatGPT helped provide a relevant general introductory summary, and this â€¦","",""
0,"H Donato, P Escada, ...","The Transparency of Science with ChatGPT and the Emerging Artificial Intelligence Language Models: Where Should Medical Journals Stand?",2023,"Acta MÃ©dica â€¦","actamedicaportuguesa.com","https://www.actamedicaportuguesa.com/revista/index.php/amp/article/download/19694/15076","",116,"2023-03-15 07:08:14","PDF","","","",,,,,0,0.00,0,3,1,"â€¦ O ChatGPT atÃ© jÃ¡ recebeu pelo menos quatro crÃ©ditos de â€¦ de ferramentas LLM como o ChatGPT nÃ£o reunirem, nos â€¦ , pelo que Ã© evidente que o ChatGPT nÃ£o preenche tal critÃ©rio â€¦","",""
1,"Z Lin","Why and how to embrace AI such as ChatGPT in your academic life",2023,"","psyarxiv.com","https://psyarxiv.com/sdx3j/download?format=pdf","",119,"2023-03-15 07:08:14","PDF","","","",,,,,1,1.00,1,1,1,"â€¦ Using ChatGPT as a model example, I identify and elaborate â€¦ of generative AI such as ChatGPT, researchers can become â€¦ with the popular chatbot, ChatGPT, which reached 100 million â€¦","",""
0,"S SpÃ¤th","Smarter than Humans? Validating how OpenAl's ChatGPT model explains Crowdfunding, Alternative Finance and Community Finance",2022,"","epub.sub.uni-hamburg.de","https://epub.sub.uni-hamburg.de/epub/volltexte/2023/146545/pdf/wp75.pdf","",127,"2023-03-15 07:08:14","PDF","","","",,,,,0,0.00,0,1,1,"","",""
